time,temperature,humidity,status
2026-09-28 08:00:00,24.9,55.0,正常
2026-09-28 09:00:00,24.6,52.3,正常
2026-09-28 10:00:00,24.6,54.6,正常
2026-09-28 11:00:00,24.7,50.2,正常
2026-09-28 12:00:00,25.5,55.6,正常
2026-09-28 13:00:00,25.2,51.9,正常
2026-09-28 13:20:00,32.5,61.4,偏热
2026-09-28 13:30:00,31.2,59.3,偏热
2026-09-28 13:40:00,32.1,60.8,偏热
2026-09-28 13:50:00,32.4,59.7,偏热
2026-09-28 14:15:00,30,76,偏热
2026-09-28 14:25:00,27,65,正常
2026-09-28 14:35:00,26,62,正常
2026-09-28 15:05:00,25.5,56.7,正常
2026-09-28 16:05:00,24.7,55.9,正常
2026-09-28 17:05:00,25.6,58.5,正常
2026-09-28 18:05:00,25.0,55.9,正常
2026-09-28 19:05:00,24.3,52.4,正常
2026-09-28 20:05:00,25.5,54.1,正常
